question_id,answer_text
QUES_cyOI2451l1,한국원자력안전기술원
QUES_pz2vbWpWWo,가출청
QUES_1g3jI4y7eo,고등학교 시기
QUES_qzwOZwaeeY,Prime Air
QUES_hfdtXCtdzf,장애인케어서비스
QUES_siIUPb2zp5,사례 담당자
QUES_07EYJWPEpy,
QUES_p3oh1nLWBO,유나이티드익스프레스
QUES_v0ovhioKNq,ADS - B 리베이트 프로그램
QUES_RxTiNRmYLW,인센티브 경매
QUES_ORGwBbBMfY,3
QUES_qZJYPVeZCw,톈진과 허베이성 항만군
QUES_cBARRSOM6a,미국
QUES_2htjkSQMUF,양당사자
QUES_GWXmDTazSN,이행전
QUES_9RItMDlIRa,물리적 세계 및 프로세스
QUES_y5slYEiygs,
QUES_Cn1935C9Tw,국조실
QUES_MVeZZjhkxd,대외적 구속력
QUES_lmbifyHm4z,현열 저장
QUES_CXNp5MgMX4,스타트업
QUES_eEhwnikZbR,2014년
QUES_vS8siHRqAf,전통지식 발굴조사 사업
QUES_J7w2wuDMzC,1574년
QUES_Q7U4xzXqiH,공공도서관
QUES_EJrgoCBB9H,Smilor
QUES_SB9nq19xze,기능적 / 수평적 정책
QUES_PRVgijiGKT,친 빈곤 성장
QUES_KmqtGfdl3f,"정신건강, 폭력 및 차별 등 사회적 소외와 배제의 경험, 그리고 학교 및 삶의 만족도에 미치는 영향에 대한 이해에 있어서도 일정한 한계를 가지고 있다. 본 연구는 아동과 청소년의 인권의식과 인권관련 경험이 아동 ․ 청소년들의 다양한 삶의 지표들"
QUES_560LY8wpBk,맹자의 유교사상
QUES_sCdcqtwI8o,
QUES_0UpaFSs7ki,자살
QUES_mQ5U6cCmaS,위 - 수탁
QUES_gcCsckrqk7,사회복지
QUES_coKrRTgzBV,문화예술위원회
QUES_8TRvosvur9,상급종합병원
QUES_s8I0uqbE66,근린재생형
QUES_XZVIULFaVB,"임령별 도출이 필요하며, 특히 상업적 벌채"
QUES_AwqJHtUWz3,은닉된 범죄피해재산
QUES_jEPb41IPjH,진실과 정의의 원칙
QUES_Y72M5Nossb,
QUES_OCbHam3oKc,형집행정지
QUES_eZ2AcYKG9X,직무가치 평가
QUES_VWVNVP3chh,Stated Preference 분석방법론
QUES_kWeiUkTqZ8,베이부완
QUES_aNGaQUfVrL,미국 국세청은
QUES_qXKjCEi18x,2006년도에 소액 체납 건을 관리하기 위해 민간위탁징수제도에 대한 파일럿 테스트 ( Pilot test ) 를 시행하였다. 파일럿 테스트에서 호주 국세청은 1
QUES_e2hN9zbZn0,쿠퍼스미스
QUES_hqYBbXQQqO,2011년 6
QUES_gNG3kHTNt6,Imbens
QUES_IpHv9TPQa5,통계청
QUES_NcoiO2DzuO,6 %
QUES_9vtRkCVG1e,스위스
QUES_GFg34n83G2,방송사업자 입장에서 보면 온라인 광고 플랫폼 사업자
QUES_D2w0JyMlqZ,온라인 광고
QUES_9NbqlaFuJT,싱가포르
QUES_aOnSLQX83f,19 %
QUES_53nGIWDz38,민간 소극장
QUES_A6AjXk9mdN,젠트리피케이션
QUES_qkgiKyeXP2,두 축
QUES_L0lGcEoQhV,리모델링 주택조합 또는 주택건설사업계획
QUES_PsV618g19s,허준
QUES_GLaaO0mASx,장애인세금공제제도
QUES_zPI6hro2dx,접근성
QUES_RDOqLzx44k,소비자 보호 문제
QUES_UpY0iMZIty,"신규로 123억 3, 300만원"
QUES_LSz8g6PuwE,기업현장교사
QUES_yuaqym1X9I,공병우
QUES_uLkHljvUnT,보육료 차액
QUES_gtaqN5NYI5,PAS 기반 후각센
QUES_Lr6DjXj2Rl,
QUES_3aHyJDYWes,저량
QUES_JSet7pNbfa,전공
QUES_tQ4jKUyeHY,5. 31 교육개혁
QUES_jOqrinrzPE,이탈리아
QUES_XBpqZ6ezIj,부산 진로진학지원센터
QUES_st3NyHHc3b,Hall
QUES_d2GKaXGuNG,요구
QUES_sAcdglSNHm,특성화고등학교 관련 정보
QUES_rVmoocU9CI,삼림분야 미래 수요
QUES_ezsYq6wvLn,포커스 그룹 인터뷰 방식
QUES_XBtJg4mQ48,미래예측
QUES_6iiBPz3Oul,다속성 태도 모형
QUES_Y5uA2dSwuO,자문회의
QUES_33IbRYz1N6,패널자료
QUES_fUMflVWfjW,온실가스 감축
QUES_TVpTrDQC4T,2013년 2월
QUES_5y9piKvJBy,국토교통부
QUES_QiQKWrGced,50인 미만
QUES_wWhcOcvb9V,영국
QUES_h15zFou8kE,2018년 7월
QUES_GtB9SetoU8,시장 ․ 군수 ․ 구청장
QUES_unz7c05J5W,정승국
QUES_fveywEnjMb,맥락
QUES_IzydczNOxX,한국보건사회연구원
QUES_HRxNb77NME,착취
QUES_T0AUMtEFqa,삼국시대
QUES_cJXOsDi83k,한반도의 통일
QUES_jjbktpSkBW,"5 ~ 7년간 근무 후 의무적으로 외부기관에서 1 ~ 3년간 순환 근무를 수행하며, 복귀 후 다시 5 ~ 7년"
QUES_5fghWGezDX,남아선호 경향
QUES_WMRh5uwWsJ,사생활침해
QUES_6x5wu2x4uB,법적 안정성
QUES_gJIwfWl7F0,"3조 4, 725억원"
QUES_1OkkjUc2My,KEEP외
QUES_Mb2I4Ka1eu,토지등소유
QUES_iqwwkposZ0,주거환경개선사업
QUES_2rjMgslTU2,기본연구과제
QUES_TTofu5Pq8R,거더 단부 상단
QUES_InhauQMjpR,한국사
QUES_euLALB0XCV,보험요율 산출
QUES_j9gtw2OaHN,미러관계
QUES_Xu5vPaXAgR,전기통신 프라이버시 법
QUES_QL3KQX6TEf,성취평가제
QUES_nrOcnPQ04C,평가의 타당도
QUES_lmD6a7PrI5,5개
QUES_a81fY34u7n,연구 모임
QUES_dQf2V13NBx,2009년도
QUES_qkiLFPcEoo,미술품 거래시장
QUES_ZXU7Dhy8H0,커넥션
QUES_CAaSVreWrL,도시정치이론
QUES_loRPlU5ijD,내 / 외부의 전문가 패널
QUES_4EHtZasiuY,EU
QUES_M7UxBWF1EK,최환석⋅김양민
QUES_CaAUbZV1S4,비즈니스 모델
QUES_Te9i4a7wnr,문화교육
QUES_hqgTdCqhFU,글로벌 시민교육 프로그램
QUES_mHrKbf5GeD,동북아 예술포럼
QUES_mZYxkZsQag,지역협의체
QUES_GTYEs443vw,비용 상승
QUES_2V7NcWpbVn,친환경주택에 대한 초기비용투자
QUES_Z8205lctDS,경제성 분석
QUES_YJBT6sqlZv,
QUES_VGP2irnvIV,군사적
QUES_pgndQi74tb,자위권
QUES_n8Nlhy5quA,2002
QUES_AXjdMr9v20,협력체계
QUES_WKdRYXBZ1L,레오 폰 클렌체
QUES_oeu3Q5YDj1,프랑스
QUES_rQ1vyf4xe4,지렁이분
QUES_yFfR5CSxeN,시설의 냉방수
QUES_bPhE80IT4R,근권부
QUES_1x3GpL9MzV,지역브랜드
QUES_bBlXlS80I4,지역 브랜드자산
QUES_zeGisCCdOH,사용자의 지위
QUES_m0EJC5HjbR,해고 제한 법리
QUES_7llbgHHQmj,EEC 경제사회위원회
QUES_0SeYeWo60b,기초통계자료
QUES_kl4DMLJ7N6,18조
QUES_n2c9H8wehH,앙코르펠로십
QUES_E402VkTP7U,버블의 붕괴
QUES_jMoCglgmJT,중국
QUES_wEW5shmAPk,제임스 매티스 국방장관
QUES_cBuA3BQG4S,에스더
QUES_JLTPlrX3dI,부부상담
QUES_Zc3VhFjAQ6,책임
QUES_Q2Rjy1SB6f,Ux Consulting
QUES_HqObcovD6V,ANN
QUES_PIojqJ5M1s,WEO 2015
QUES_JMyOHCFtLI,사과
QUES_uc26nk5Xai,연령 분리적
QUES_ueZKTKid5Z,국립원예특작과학원에서 개발한 분자표지 육종 방법
QUES_HvgBj9PTQj,560톤
QUES_FRD5OrgPmy,모달 차이
QUES_gqqGlUOHDS,범죄 피의자
QUES_wcekgwuXlN,심리생리검사
QUES_gWRwTrH9F8,
QUES_Y7G4y09yQc,논문 · 특허 성과
QUES_z4jCCVxrbC,의약바이오
QUES_3OaClDmDUa,5위
QUES_b5mIpjbiHK,창조산업
QUES_GgTBN31bv3,대처리즘 시대
QUES_jdKXYBt5CT,건전한 투자자
QUES_UNzgO5LjUa,사단 작전참모
QUES_5B902Fxdr1,여성의 경제활동참여율
QUES_hTcGEBkuq5,Kossek & O zeki
QUES_wXRdrg7Lgv,가정생활 만족
QUES_SILfeYjB3k,2013
QUES_lEZo9bxnng,HPWPs
QUES_Dz0VpzC84M,재무성과
QUES_6SYPz095Sd,아오모리현
QUES_o94Iy0UqiH,복지정책
QUES_hAOOY5SxlD,인구정책의 설계와 평가
QUES_IVrHlrXbQI,유연성
QUES_CIcbCI124O,디지털증거
QUES_kOKiTFSfsH,2017
QUES_aDNKjF4Nhn,수업
QUES_X9uIWoOSTW,유목민족
QUES_6nkanD32x7,
QUES_gs05brhdoU,투표
QUES_9yMkNAd7yr,허위
QUES_Mt5SAvHZn4,
QUES_LhQxrAvhy0,언어 능력
QUES_QRHrvuVKqr,복잡한 설계방식
QUES_M28Lo7MHKL,
QUES_BZzW6X57lh,Timothy
QUES_aA82EyGF7Y,왓슨 포 지노믹스
QUES_7WTF7k7UJ9,공동체 의식
QUES_vy3HFmkHHm,마을공동체
QUES_MZs2OAESvF,사안별 인정
QUES_HDsemaa8KC,유엔경제사회위원회
QUES_8saQvzeYc0,ILO
QUES_E5qXdZMtkr,이해당사자
QUES_tBfBTL6PVs,핀란드
QUES_q0MgDdgQ7u,동기부여
QUES_cVHpFS8DJD,Holton과 Baldwin
QUES_lsOVvSYZe8,
QUES_HsrEjlwRp3,대형금융기관
QUES_DJxYRY37RS,위험추구
QUES_V0QKOxtdJh,행정처분
QUES_xvbE7iOZxa,의료활동
QUES_KiVxfTA4UY,헬레보러스
QUES_Sseo58fxt6,국제조세회피와 탈세 ｣ ( ( International Tax Avoidance and Evasion ) ) 에서 국제적 조세회피
QUES_agyEHtUrP5,발명진흥법
QUES_APHLZzcLwZ,UNFCCC
QUES_HrMYNyahYH,80 %
QUES_iZbywwvmFv,교과서
QUES_FGaHRhZweO,소상공인법 제13조 제2항
QUES_iksdGUOMrh,농림축산식품
QUES_gckwl4JqKz,대한민국
QUES_16MVAd7LU9,고용연금부의 웹싸이트
QUES_z7sA7Hplrf,연방법률자문국
QUES_B1NswIf52H,35
QUES_hJmwkzNklV,111위
QUES_3qq4h4mcKx,5. 3 %
QUES_EMLq86mHY1,성인지적 재정운용계획
QUES_qHAs2fPkxO,절도죄
QUES_09VMBwCJaE,군수품
QUES_4Zcfdnbd4d,
QUES_TucGjG5Rw8,
QUES_h8ryAEWoKy,
QUES_1Kzu1CBmRJ,통근강도
QUES_7HTw8iUadF,보너스제도 본연
QUES_R0Wem6WSxp,가사노동시간
QUES_BJhtPEn8w0,Akgunduz and Plantenga
QUES_GAc6qgUXWB,2017년 6월 18
QUES_RqXybhF08Q,기관장
QUES_w4fgIHFxRo,엽관제
QUES_39zUiapScI,극영화나 애니메이션
QUES_umrBOyQxbi,
QUES_k6ljT9k2jN,유엔 안보리는 1950년 7월 7일 결의 84호를 채택하였는데 동 결의의 핵심적인 내용은 유엔 회원국들에게 미국이 주관하는 통합군사령부에 군대를 보내고 미국은 군사령관을 임명할 것을 권고하는 것이다. 유엔 안보리 결의 84호에 의하여 설치된 통합군사령부 ( Unified Command ) 는 현재까지 통상적으로 유엔군사령부
QUES_eHsHqvM1wT,국어과 교육과정 재구성
QUES_vWl0B5RWdf,교사 학습 공동체
QUES_hK8HXvo05Q,조직적 배경
QUES_x0lkDTAM0x,성별화된 권력구조
QUES_DSIXY8BT9o,월드 뱅크
QUES_oSsRaXyhXM,자아정체성
QUES_RHGFn7CIUK,영장불요설
QUES_B3WnFkDokF,강제적 신원확인
QUES_fhOiT4UyOO,횡단면데이터
QUES_O1knZo7YBW,독일
QUES_gZ713bzMXV,"군사국가이며, 1인 독재체제다. 핵실험과 선군정치를 하지 않고서는 체제를 지탱할 수가 없다. 북한이 대남무력도발"
QUES_fe56Ha1gRU,자아존중감
QUES_b55WoYMCYQ,자아존중감
QUES_s2nVxz3m6L,성별
QUES_mMQ9AuYsMJ,클라우드컴퓨팅법
QUES_tTaIyGswcP,형사 소송법
QUES_zusbpeY5zJ,세금계산서
QUES_rFrqeYsIxp,부당감면
QUES_Ead9gULblT,노인장기요양보험제도
QUES_xb5337rzOD,vOICe
QUES_hV3EDImMUk,과학기술
QUES_iMcqj7aa0p,핀란드
QUES_GXxn7TRJVf,산림기본법
QUES_ovZf7rCRPQ,반항 유무
QUES_IV5Cg88WyU,간음죄
QUES_CviuLcR5wH,문제해결
QUES_xCEZGqMhLj,5점
QUES_y6l20XynAK,
QUES_ut6Q4e9sYS,획일적 해법
QUES_m69pP1SCET,특허발명
QUES_4ogMGjshe2,농촌 아버지
QUES_dE9HKdcLmL,2015년 3
QUES_4JOnsR1J8b,기재부
QUES_q5yjANrIVi,조서
QUES_Vm16EDOioG,발달장애인권익지원연대
QUES_6y8QrkuJLV,"교육부의 특수교육연차보고 ( 2013a ) 에 의하면, 교육부 지원의 3세 미만 장애 영아는 578명, 보건복지부 ( 2013 ) 지원의 어린이집 재원 해당 장애 영아는 1, 554명으로 총 2, 132명이 공식적인 무상교육과 보육으로 조기 개입에 해당하는 서비스를 받고 있는 것으로 나타나고 있다. 보건복지부"
QUES_2tcz5VZrR3,지역사회조직화
QUES_FYnqiaJgXM,양육자
QUES_T8ruAQfAgJ,13. 5 %
QUES_lhuTkueEI0,박근혜 정부
QUES_8CQABZ4bc2,다자녀 출생건수
QUES_cVFKOo6nvu,유연근무제
QUES_BIizWX8cMS,배우자
QUES_ioFLBYUo9z,정례적인 이벤트
QUES_Z1siuHpCUa,현문수
QUES_Fc6sOcIwZ3,와이블 분포
QUES_f35LkewlMk,"1, 799원이나 혼합형으로 판매할 경우 세금이 37, 779원"
QUES_g7thiLXpWo,한국전력
QUES_douCsoZNh9,국적
QUES_wuGkRQI2m3,비상사태특조령
QUES_S5vNZW0Gpm,6개
QUES_tDGsvZ83TB,13명
QUES_UHPzTnySKw,경제성 우위 확보 전략
QUES_XZK2booKMX,
QUES_F8wKjI6y5R,스페인
QUES_qDhxiyDAyh,강점
QUES_dHIqS5DecH,양식 신호등 시스템
QUES_2iImXkpYwh,전력거래소
QUES_fgo2hs7z6s,산술평균과 기하
QUES_4DsmRepPVs,국가범죄
QUES_l1BA0rDF6s,특별법 제정
QUES_dwSUyMQlS4,학부모회
QUES_qmFmX163YJ,1960년
QUES_AvKU0gqpmq,고교학점제
QUES_90ZaBLvd4P,사립학교교직원연금공단 이사장
QUES_aIYJXnLGZJ,1995. 12. 29
QUES_gcpYWjOt05,현장 경험면
QUES_n7RU1jBlic,각 학교
QUES_OWGdYNel5n,신학습지도요령
QUES_YumfqEZae5,OR
QUES_szLf9tca85,독일
QUES_6SS21tSQUH,재해대책기본법
QUES_71Yx1MRbDa,긍정적인 영향
QUES_cQyHuOZZ7Z,Beer와 Schils
QUES_wGQJCDddn8,활성화 정책
QUES_iGzMk47uGp,일본
QUES_UOaZnYBxRL,파스칼 라미
QUES_4bSmi4kgAt,화이트칼라
QUES_QGMHiH3tUQ,83명
QUES_JyzBpnOVRz,웬즈
QUES_PULc3pvioz,미국
QUES_xGBmDlQg3D,참여민주주의
QUES_uDoXW33nBT,민주주의
QUES_YqtOR8mT9I,탈믹 랩
QUES_4XT5cSHkyc,키르기스
QUES_DJUpQ73izg,0개월
QUES_YBJrUJquVU,유색밀
QUES_M8dETjw117,2억 5천만
QUES_6CKbFPHEcz,배수로
QUES_Vl9VMI836n,한 - 터키 성실무역업체 상호인정약정
QUES_CIulkaz9fz,
QUES_sVcHtSujpg,장전된 총기를 은폐하여 소지한 혐의
QUES_IUAoPv6P7Y,해군 제12특별근거지대사령부
QUES_DrJho7msZd,취업제한
QUES_p92yKsSrWB,1984
QUES_gNU5lMJVSf,연방경찰 외국인담당 부서
QUES_LfHig14lez,
QUES_XLO4f8p6xi,사회적경제
QUES_4XaA94NBLd,배출권거래제
QUES_v7dTOAVSMp,2015년
QUES_90fNWlj3hi,2013
QUES_KPII1HcQ3e,노동시장의 구조개선
QUES_PI2AuMzdWB,고용노동
QUES_xxVcyVv5l2,데이터
QUES_MwkqK19w7m,Schwab
QUES_2Tq0ZbMAgZ,고등 교육 시스템
QUES_NcbKnMzvMq,사이버 보안
QUES_eSSjmfA9Wg,연산력 증대
QUES_x7bnTm5Jas,암호화
QUES_KxnILjxiyH,국가
QUES_KDpmmlENvi,중재판정부
QUES_0TPkiiMboe,투자중재
QUES_XrP3LiQu7d,북한 핵
QUES_w96Qxve3Kf,포괄임금
QUES_FUs55pkmzu,탄금대
QUES_yP8Xg06S2j,보스턴컨설팅
QUES_VL9ZMWC0Yp,2015년과 2016년
QUES_14o1iyD405,자율주행자동차
QUES_rpURl3Izq8,조세
QUES_HnYd8E0ToU,아동청소년
QUES_Xe4P4GUQ0E,광복70년기념사업추진위원회
QUES_Pnb2Ti9Axw,독립기념관
QUES_6eMhNQKbeL,베를린
QUES_nq8aOCUMMP,국 · 공립 유치원
QUES_l5NETz96aT,5세 미만 유아가 이용하나 0∼2
QUES_Idrm5IXaO6,행복
QUES_2UYHOSokq0,미국이나 영국
QUES_pCFOQm9Dr1,의료비
QUES_6aW7meNDUI,
QUES_KEcRRiVcrM,9. 7 %
QUES_yW9vDnJe8Y,과실
QUES_s9m35lWxV0,경찰국가 지배체제
QUES_1fybnjao9s,독일
QUES_rtOkeuo8kF,정부 및 운항현장
QUES_ASmoSDWJ4E,변리사법
QUES_3zHw2xgE4I,대한변호사협회
QUES_KzdddMDty0,주택
QUES_qGS00JppkX,학업성취도
QUES_aS2H3XL3S0,COI 보고서
QUES_QsGZvwPUYQ,중증외상환
QUES_uYXyecndSI,도심 역사문화콘텐츠
QUES_SZK9n04K8p,2015
QUES_PCZBiENJgX,망 중립성의 원칙
QUES_sqMzD5Gy5v,통합관리
QUES_l7nO4XGqnn,2년 미만
QUES_ZnUFPx05Ot,영국
QUES_LK3HpqZk4q,2014년 12
QUES_Ue7y4tq4wu,유동성 위기
QUES_r0pb46LFJa,공적가치
QUES_7aljb020hD,서면
QUES_IAAwKxjmtO,수사학의 전통
QUES_UdHFiemfKJ,"자아존중감, 우울에 미치는 영향을 분석하고, 일 - 가정 양립의 어려움이 우울에 영향을 미치는 과정에서 자아존중감의 매개효과를 검증하였다. 그리고 이러한 영향력이 성인기, 노년기에 따라 차이가 있는지 살펴보았다. 본 결과를 토대로 논의를 하면 다음과 같다. 첫째, 성인기와 노년기 기혼남성근로자를 대상으로 한 결과, 두 집단에서 모두 일 - 가정 양립의 어려움은 우울과 자아존중감"
QUES_vtxLm304Ht,생산성과 효율성
QUES_0ShNNb6puO,휴대전화의존
QUES_VpkbAE8dzH,중국 석유화학시장
QUES_jusgVcMJq1,텔레매틱스
QUES_eLhYSWiohs,교육부
QUES_8vKz0sWUTG,상하이
QUES_x1EXGdIMrG,장쑤성
QUES_oZoeqM0pVA,국무원 판공청
QUES_vZR02NQH79,납세자
QUES_tfqKaGU6rJ,2012년 12월 28
QUES_byEnaD7Ogq,환경적 요소들
QUES_nYdzRUvnfM,회사의 수익성
QUES_wZOTy9gTuy,심리적 계약
QUES_3OJLUTvTiK,6개
QUES_ch8jlvmdE4,미래창조과학
QUES_BaQGkIVWxa,키르기스스탄
QUES_q4QatpdubB,제품 기기 분야
QUES_bLwBkMm4fd,수평적 분업적 의료관계
QUES_KwzFIDu2FB,외국인 학생과 교수진의 비율
QUES_aXDguNJIb9,계층 간 · 지역 간 · 산업 간 격차
QUES_hmDih1282Q,우리나라
QUES_x3JfrDXadC,어뢰음향대항체계 ( TACM ) 등 최첨단 무기체계
QUES_xPawmnca8q,미국
QUES_DxLrjw96WD,"2, 200만"
QUES_SjnNgfCIi5,타임워너 그룹
QUES_mAQM0uGXW3,유럽 인구이동
QUES_Rxzh3W6TV8,경제정책 리더십
QUES_01L5cJ3T0c,선제적
QUES_PgkwFcayls,혁신
QUES_bapD2EOSLZ,중재자
QUES_SmZawj9GCm,교과서
QUES_uPD2hQW2W2,갈등
QUES_f9DPmHGEPo,NDVI
QUES_P6XJ3HxYIt,중국 레저어업
QUES_tLnth2WmU1,피고인
QUES_Mp20QV2wB8,ISO
QUES_POGkv3kkjP,오클라호마주와 사우스캐롤라이나주
QUES_vEBYJ9HQuN,2013년
QUES_BG7zv0El1K,CAD
QUES_7aWJDG6Zth,온라인
QUES_PmN1YWxjbg,저작권법
QUES_jWBhgTVK3y,진흥센터
QUES_g5KbEpscol,도서
QUES_Hf4EJOteGB,종합물류 비용
QUES_ljUh4TG94t,SERV * OR
QUES_dDD55LTtRG,국가 및 지역의 경제성장
QUES_K1j23aL8as,문화다양성
QUES_aR9ea5bncg,모든 학생
QUES_TNAXHgzjeH,에너지관리서비스 산업
QUES_XHTKhKMCuU,북미 셰일혁명의 여파로 인한 글로벌 LNG 거래
QUES_33w8Kh6FJg,Family 500 +
QUES_pvTwZld7oZ,폴란드
QUES_bfBqlPGQm7,이스라엘
QUES_x5SCYq5C2m,지속가능발전위원회
QUES_bf1I58Xwda,0. 312점
QUES_7UeK1Pk3mL,보호처분의 변경 ･ 취소
QUES_y2k7KkD330,가치증가익
QUES_gGxuJu5X4r,납세의무
QUES_nRaiwEPVNH,아이돌보미
QUES_QtqLqdHYQr,취업모
QUES_ldolLYC9sT,기초재정수지
QUES_nSu5izyVUj,벅스팜
QUES_12WN3TO0HC,기계
QUES_j7HlY8oh92,2012
QUES_azek7yLskD,탄화수소
QUES_af1s5mfZmY,2030
QUES_1QmAz5iwSB,지역 농산물 브랜드 이미지
QUES_VJqkoYNcCL,80
QUES_FPTvhksC2z,고령전기 ·
QUES_mqHcixgXHu,노인장기요양보험
QUES_23iYK9TrFT,사역
QUES_SLDOSJC2K7,대구 월성동 777 - 2번
QUES_nyrlfzp7ZU,세종실록
QUES_SGCCLIhKVO,2003
QUES_rKKmetpqaH,Billett
QUES_RGS4s4rSLE,2016년 2월 4
QUES_cjI0msm7R4,RAM 값
QUES_yqn5M8yYyT,2017년 6월 29
QUES_F1yH7GS2eA,이벤트산업
QUES_cHlWPXpVtH,유전자 마커 25종
QUES_MIaSwwrKHL,폐경기 혈관운동증상
QUES_w9vt14jQN2,김병천 교장
QUES_USdZt4nPhl,[UNK] 이용자 수
QUES_QMeha6FOX1,압구정역
QUES_h0g8ZQkFcH,국산화 실행
QUES_mDISN4jNgV,전략수
QUES_awwSRNJgys,텐진항
QUES_N2n6Wc3gsM,2013년
QUES_nOVVJiGs1k,2016년 4월 28
QUES_xBGOZ3Wx0Y,업무
QUES_oqA3lhsCiM,300만
QUES_Zg4wq5wYtS,항공법
QUES_wlPLOAnLHt,층간소음 이웃사이서비스
QUES_qB55rJH98H,2019년 1월 11
QUES_ugoN7MuiTn,"1992년부터 토요일을 쉬는 주5일제가 단계적으로 확대 적용되며, 2002년"
QUES_gIpMMbh3DN,경영조직
QUES_1BCzM03ULk,상대평가방식
QUES_tahdnHzZso,Korsgaard & Roberson
QUES_z6K49R5r8f,평가소원제도
QUES_jFhCFL3sJS,편제정원
QUES_sXOwT4xgzX,사교육 경감
QUES_TeNR2sM2Yt,역할 증대 관점
QUES_W2o11vsQ2P,자녀 자체
QUES_8h8NLNbkcO,1990년대 중반
QUES_JOV1s8f5X0,대북심리
QUES_GAoVGjlg2Y,UNESCO
QUES_zECj6qRuyB,무학년제
QUES_Fb4z0BRqui,상담서비스
QUES_4wHD74UQOJ,MBS와 달리 커버드본드
QUES_htWVJgTv3L,독일의 연방통계청
QUES_QmV0EYZieK,환경
QUES_0KsJX1XDUN,적극적 권리
QUES_oNJnkI9n2N,유아 교사
QUES_UzyIKDpqN8,정부기관
QUES_oiDluCdhcH,2014
QUES_opBXf6zIRN,
QUES_CHJK0AoBpf,광주광역시
QUES_RWFnb7jxuW,3 - 5
QUES_6DPwvwiler,성별영향분석평가 제도
QUES_LIYgaZJ94S,에코부머
QUES_G1zHwZso99,중소기업청
QUES_LSJ9Fhfdu2,패스스루 MBS의 시장성
QUES_y3v5WFtyF3,옥시
QUES_gp53VvUcF9,Uber Elevate
QUES_neh4dkFFje,기장급
QUES_0qE2i1FFXd,국정도서
QUES_l3ZaIdC0Lg,문벌 귀족
QUES_xECuijBy7k,보충설명
QUES_trNeDZhr8M,2004
QUES_m8rm3yi6pb,고용률
QUES_lDzK60JZT6,김종서
QUES_St7YaWGeXV,미륵불
QUES_VWaLz4F9aC,중앙녹지공간
QUES_RDurTe9Lgo,
QUES_EpFmWIJkmH,국가 학교청
QUES_9vneZXRXVV,발달 수준
QUES_Rjei9K7P4i,OECD 국가
QUES_5LTw7iZaVa,세종시
QUES_ZivMwnhWvV,직업공무원제
QUES_d6Btl74D36,80
QUES_qPosTQcU3P,필수성능
QUES_c3aPzoo3w6,EMC 내성시험
QUES_FtMx16Av1r,조직시민행동
QUES_lZD8csYQ3c,역할행위
QUES_YH5nSSjoPc,감천문화마을
QUES_Mpxd6fsUHx,공정관광
QUES_NyGpbxzH5C,공정관광
QUES_fU7EeXehBG,2017년 4
QUES_MhByOObpTh,1997
QUES_eAHoyVWrFe,거시경제 변수
QUES_YbRfCadJIj,정규고용보호정책
QUES_Vj0zhwDYoI,1989년 개봉한 영화로 더 많이 알려진 < 행복은 성적순이 아니잖아요 > 는 1986년 한 중학교 3학
QUES_aSW5VdQr77,대안교실 사업
QUES_aosXHRXfyM,42
QUES_Pq2nZPuMuo,대안교육
QUES_3j86a2fRNE,2019년 다문화교육지원계획
QUES_1t0OFa0hO4,"정부 부처에서는 외국인정책위원회, 다문화가족정책위원회 등 다양한 중앙 부처의 회의 체계를 중심으로 여러 협의를 통해 사업의 컨트롤 타워 역할을 해오고 있다고 주장하지만, 1년에 몇 차례의 단발적 회의 구조로 협의하는 것은 일정한 한계를 가집니다. 또 외국인정책위원회는 법무부"
QUES_wrHfYclk5M,
QUES_72I5kSELUB,여왕벌 신드롬
QUES_jPqxKik9AU,인적특성
QUES_CgNwySzSsC,다금바리 등 바리과 어류
QUES_bFU8Iin9cw,1961
QUES_wX3dDbsdEs,"200L드럼당 1, 310만원"
QUES_UNpvdY3ZfL,
QUES_FEKR0Dk92A,시간선택제 일자리
QUES_gKfllQ62cC,취업경력단절
QUES_2Eg2dcS8ek,환경노동위원회
QUES_wLfO5ptQmp,근로자
QUES_IES7MUgALe,공익위원안
QUES_APhz4sVTaF,걸프전쟁
QUES_rpoaTuO79Y,클라우제비츠
QUES_8hGiUEGCF4,과학기술부
QUES_mF67shFvDX,심사전치
QUES_GxANCIyQc0,발생량
QUES_EwY6z8AAAh,중년기
QUES_P7c1KGqV3Y,독일연방 교육연구부
QUES_pe60sjfC8U,창의적 체험활동
QUES_2ulxcIJ8UO,통신판매중개업자
QUES_Yme4b0H0zr,
QUES_cLxgDzJ6IH,1983
QUES_ermhzECMj8,"2017년 5월 30일 대법원은 형사보상금의 지연이자와 관련해서 “ 국가가 청구인에 대한 보상금의 지급을 지체한다면, 금전채무를 불이행한 것으로 보아 국가는 청구인에게 미지급 보상금에 대한 지급 청구"
QUES_nJr82vspJP,1980
QUES_SyI5Lje8wn,중국
QUES_DiiKk05H5r,유류오염
QUES_FCEszjmBoG,인피 불기소는 사망사고
QUES_dcz9onpsgy,교통안전 부문
QUES_mK5Oz6gMoc,주민 참여의 증대
QUES_39jinrsaAH,이전
QUES_iSlZVC5LkJ,"8천년의 비상, 저어새"
QUES_33i3wfT2LD,400년
QUES_2Zkz7oUGCR,탄도미사일 개발
QUES_mXCSEw38QF,"GCC 국가들은 이번 해제를 통한 원유가스 시장에서의 경쟁 격화와 함께, 이란의 지원을 통한 자국 내 시아파 영향력 확대를 우려하고 있으며, 실질적으로 중동의 유일한 핵 보유국인 이스라엘 역시 이란의 핵무장 가능성과 시아파 무장정파에 대한 지원 확대를 경계하면서 해제를 비난했다. 특히 사우디 아라비아"
QUES_3cORrP89kT,근본적인 기본권
QUES_IUwNSeve8G,제1항
QUES_KC1zvWsU5p,HRD - Index
QUES_uKzrAScXO7,KIP
QUES_fuhgfSi9jR,중국
QUES_5fNOr3S8d5,중국
QUES_8f6vOnZyye,텃제
QUES_VmsLkV0WbE,곡비
QUES_cl23KIf7VT,심리학자 프랭크 미너스Frank minirth 박사
QUES_mga17JSsCU,NSB
QUES_rclg5njswM,정보기관과 수사기관
QUES_zzOlsboOj8,학생
QUES_J8csW2yUNr,1999년
QUES_enijnvdAtg,공적영역
QUES_k2NbzXxXsf,고등학교 교사
QUES_TStoapVMx4,
QUES_ACpRKetl9w,2018. 12. 11. 성과평가계획
QUES_R8xCw1t5Py,증권
QUES_uiAzfXsdBc,기계를 지능적
QUES_YGuJ9p7O61,"7, 000만"
QUES_U9L99J3Kqw,의약분야
QUES_zQ01pCZC5M,법익
QUES_fR5zkhSGFX,탐구영역
QUES_ha4eTwxAIr,뉴질랜드
QUES_EnGD6phu2x,SDA 모형
QUES_4mf6XloBkj,양식산업
QUES_2Ojvh6s52c,국립수산과학원
QUES_wmy9t9CWTx,해양수산부
QUES_lAHCl1oXcy,오픈데이터
QUES_QiAKd0ZjmP,사회통합과 공정성
QUES_c9AHGGKzhQ,안전공제회
QUES_8K43Dn9HCr,청중
QUES_fqFr4oqtWz,규격화된 커리큘럼
QUES_mW8hu77yyX,
QUES_75FxmFsdCj,"읽기능력 변화유형의 형태를 도표로 만드는 것은 가능하다. 결론적으로, 학생들의 각 학습영역별 향상 정도를 가늠할 수 있는 훌륭한 평가 방식을 포함하는 잘 구성된 학습 영역별 분포도의 큰 장점은 명확한 기준표에 의한 학생들의 개인별 학습 성취 정도, 향후 학업 성취도 향상을 위한 교수법과 학습법, 그리고 장기적인 학습 성취 발달 과정 등을 교사"
QUES_IKdQQwtOF3,자녀양육
QUES_IVytYDyGAg,서울시
QUES_tUXl4AXeuZ,복합
QUES_jIC543DpqJ,새로운 경제발전 시스템
QUES_lxxD3hGnQc,상하이 자무구
QUES_dwgT2Wx0Mj,가출청소년들의 가정복귀
QUES_wbFor0huew,노스캐롤라이나주 교통연구센터
QUES_y4DEfD8Xzg,정당 지배적 대의 민주주의
QUES_0dlhFyHZKy,표류부
QUES_5LxFZvKZ2D,수행평가
QUES_D4sx5hSgh9,
QUES_4BVGOMyiNb,중앙정부
QUES_kumOFry62K,2014
QUES_etjKDD97BE,유럽
QUES_hh0SHgdKuw,쇼룸
QUES_umK9LHDRdt,휴대폰 사용요금
QUES_32pJBvPHxh,2차 피해
QUES_5jB55ODGkp,2001년 7월
QUES_AgkvRdHYjh,2008년 8월
QUES_9M2azj3NFl,2000년
QUES_Lz5s469qZ1,제과점 아르바이트 일자리
QUES_MfBGedyPy3,노동시장 제도의 포섭성
QUES_iWYgCEIY9V,정규직원
QUES_GO0Xvg5iqq,가격구조
QUES_38DiTqFkgP,판정이행
QUES_cO9hfAZt6T,민관합동 스마트공장 추진단
QUES_LaxFMZtFKj,
QUES_aot7inagbX,선호 - 비선호시설 유치
QUES_vppXb3Cq1c,갈등예방지표
QUES_XP7UjYExvU,약 7억 유로
QUES_JyqkIrppM5,한국 가스공사
QUES_LpFV0T6Dml,KEEP 조사
QUES_fsXayEqzgV,대학생 시기
QUES_s6eAD8nIHO,"1961년에 시작되었고 ( Enactment of Ayurvedic Act, No. 31 ), 같은 해 Ministry of Indigenous medicine 내에 The department of Ayurveda가 설립되었다. 국가 전문가 위원회와 연구기관도 뒤 이은 1962년 설립되었다. 국가프로그램은 1982년"
QUES_z02jL9VXAT,출산
QUES_SqO7rhIOMB,광역 메트로폴시로
QUES_DBdVDuXqrD,인구주택총조사
QUES_mtxjCMwsk4,여성
QUES_Q0BAQDjQtk,순자산분위
QUES_LnMxDgHscr,
QUES_o2skNrIkJK,간섭 문제
QUES_Cvcz1tSHCo,최하위
QUES_dgUxKXQSXn,미국
QUES_K9rZPUolVS,국가 R & D사업
QUES_Wd4eRuVFwt,일본
QUES_ZkJR4oFftT,상표
QUES_QzQJ43dteY,중재절차
QUES_5ELqDmx57r,IT 기술
QUES_2iCB6tjjjq,주민
QUES_Tyz3SqVFkN,사고취약지점
QUES_TJ4m7yKVFj,차량전기기술
QUES_7YzmMHZ16Z,
QUES_V0PbGAPO2p,해사노동협약
QUES_5JZtaSPrgJ,제84조
QUES_N0ZMySKeQW,거래비용경제학
QUES_2FSF7iEySW,외부 연구개발 목표와 요구사항
QUES_1postNn6sF,
QUES_zYoTOQylOA,20만원
QUES_a58oNB2lzn,잠재적 심판 당사자
QUES_XDZ5av2nRP,472명
QUES_NFilKucixX,특허법
QUES_te2EuShgWx,국도1호선 기점
QUES_yvBb11M153,프로파일링 기법
QUES_jIV8lyCtLS,프로파일링 제도
QUES_iy49cHvLfQ,대중문화
QUES_8SlVjmTCAm,JTIs 설립
QUES_s2zP0a8yQe,공동기술 이니셔티브
QUES_icI7n8q1qm,7천억
QUES_xSVoS9RsII,2017년 2월
QUES_6QNDgWPmy6,만 24개월
QUES_mTjXM8AmAL,미국
QUES_jOwGRraDVT,신윤정 · 김지연
QUES_00ifxqg8lk,가구
QUES_Z6Yr86mFPs,칼 만하임 ( Mannheim
QUES_cwt7xlu70b,7
QUES_QuO1l3Wvks,지역사회 일차의료시범사업
QUES_BOZgNwLzQI,국민건강생활실천사업
QUES_u7PeoQtxfm,고철질 규산염 암석 덩어리
QUES_iczkf3FoYg,형사소송법
QUES_Da2RQy5rST,합리적인 정책성
QUES_1RuymDK1qR,
QUES_hrlBaE76HC,치료 의지
QUES_9KqqpGWV6d,환자
QUES_Qb1Umr8HBv,해양수산부
QUES_NKTUxfqaUV,"스웨덴 장애인 정책의 기본 목적은 장애인이 일상생활에서 힘과 영향력을 갖도록 지원하는 것이었으며, 1950년대 이후 꾸준히 그 관점은 복지에서 인권으로 전환되는 과정을 거치게 된다. 특히 1993년에 제정되어 1994년 1월부터 발효된 LSS ( 특정 기능 손상을 입은 장애인을 위한 지원 및 서비스에 관한 법률 ) 는 시행 이후 장애인에게 평등과 접근성, 그리고 사회참여의 수준을 높여 온 법률로 인정받고 있다. 물론 서비스 남용과 윤리적 문제가 제기되고 비용 대비 효과성에 관한 사회조사를 거쳐 수정과 개정을 하고는 있으나 장애인운동단체에 의해 추진된 개혁이며 장애인의 자기결정권과 자립생활을 보장하는 혁신적인 법률이라는 평가에는 변함이 없다. 따라서 본고에서는 스웨덴"
QUES_87crgsVjXo,악의
QUES_9SiTZI32RI,사우디아라비아
QUES_rq5caaLi5b,성과모니터링
QUES_ZanWGoQPS8,15
QUES_9j8WQcnHd0,1 %
QUES_19FYjSLPke,국가도로망의 종합정보
QUES_eeHpX3bLw7,1970
QUES_NtASilp3yn,정책 목표별 효율성
QUES_sm8daMKBl9,일본
QUES_0oFXeGeKVF,rossiiane
QUES_92H8pfIjqW,우리 민법
QUES_WZiglhssJE,유해한 난방연료
QUES_32bcWkoINe,고등학교 제2외국어 교육 경비 항목
QUES_7zEhAIyi0v,단양
QUES_a6CIc04912,마이크로데이터
QUES_JfM9utvX2Y,
QUES_q9X3rxDiYE,독일
QUES_2ogKs6RUJW,국방정책 가이드라인
QUES_H3XmXZp7sf,신임장
QUES_TIln1LWg0L,"삼각산 손님 」 을 발표하였다. 광복 후에는 김천여자중학교 음악 교사로 근무하면서 「 봉계초등학교 교가 ], 「 김천서부초등학교 교가 」 등을 작곡하기도 하였다. 한국전쟁 중인 1952년 육군 군예대에서 활동을 하였고, 전쟁 직후인 1954년 공군정훈음악대에서 군가 작곡 및 지휘자로 활동을 하였다. 그리고 1954년 12월 킹스타레코드사 전속 작곡가 겸 문예부장으로 입사하면서 본격적인 작곡 활동을 전개하였다. 1956년부터 KBS 경음악단 상임지휘자"
QUES_hUQgtz4jaL,교사
QUES_oasCukD84M,디지털 기술혁신
QUES_3PPKSs2Aod,산업재산권
QUES_De1qYpE8uI,2010
QUES_goNXuvn6P1,인구구조 변화추세
QUES_mg71F4TN8A,여성연맹
QUES_LwA6Jj5hLQ,2010년 12
QUES_fVOBGlmeqx,2014년 12월
QUES_62YjKzL6KJ,
QUES_TAsHZPXoKV,독일과 미국
QUES_EOZtbdR1v8,52. 3 %
QUES_1vWNHdDQee,성과
QUES_iTqMZO2asY,11. 7
QUES_4ubDHqC6lz,한국
QUES_YDoa9djVjX,보금자리론
QUES_JwD0d5iulC,교과서
QUES_qPZBS4n5k3,KOICA
QUES_NXarTB6Cpq,SDGs
QUES_wlxHIDm9hJ,지속가능한 개발목표 ( Sustainable Development Goals ; SDGs ) 는 2000년부터 2015년까지 추진됐던 새천년개발목표 ( Millennium Development Goals
QUES_scD8WpW0ht,탄소국경세조정
QUES_c3Ywa63MyG,유전자검사
QUES_P4pR4kL4vI,"143km ( 계획량의 29 % ) 를 33, 862백만원"
QUES_B3EP58sAOq,"7, 8, 9월"
QUES_imyHHw8kGA,수서곤충류
QUES_tdnEzZEDFV,교목층
QUES_YMcuyrKtQg,94m
QUES_i4ldzh4rLM,청소년회복센터나 6호 시설만의 자립지원관
QUES_cWItr5NN4N,전문가 및 숙련자
QUES_Gt2kru14J8,의약품 제조 및 품질관리기준
QUES_IgouAjMsvu,교차오염
QUES_kgTzfqS0sO,비상시나리오
QUES_vS5vEv9rLW,구
QUES_G1IQQqQ8nN,독일
QUES_soLznsfrOm,흔한
QUES_07ZLpRymCD,2월 21
QUES_cAzbDmSYqH,북한 경제성장 전망은 투자와 경제성장 간의 관계를 나타내는 한계자본산출비율
QUES_GsTanUmKm8,기본권 침해
QUES_lDrsADAuLp,
QUES_QIUMVcIq8J,26. 5 %
QUES_jNgaW65WHl,친분 이용
QUES_pchs0WQ7p0,
QUES_5nCBQ92Wto,조직커뮤 니케이션 만족의 매개효과는 Baron과 Kenny ( 1986 ) 의 절차에 따라 단순 및 다중회귀분석을 이용하여 확인하고 Sobel test로 매개효과
QUES_RRHXWyMQCZ,"학교장이 책임지는 자율성이어서, 학교장"
QUES_hgLez3GNOj,항공권
QUES_wZmlLOVy13,"43, 577, 471명"
QUES_AfbfblhwGt,여성가족부장관
QUES_JFHFKoZ3b2,증량
QUES_PLr9uHo4bH,2015
QUES_c2Qfv0Z8hy,모노메틸히드라진
QUES_LjACtFcErx,북한 이탈주민
QUES_cEjZnSbSck,통일부
QUES_r3XcjUVkLY,
QUES_fLNCr45Udl,이인제 대통령 특사
QUES_55FzBnhWWa,외교부
QUES_BgsXhNSRgn,VORTEX
QUES_8Sy7xxJ2Fj,120c
QUES_bIWBmrrDHl,거실 베란다 창문
QUES_oaXsdTUeD2,저작권
QUES_7AbQsyaXy5,메스암페타민
QUES_sI3luyrDDR,휴대폰 ’ 이란 요상한 물건의 특징 때문이죠. 디지털 시대로 접어들면서 수사에서도 중요 피의자의 ‘ 휴대폰
QUES_ZIqpBC93aR,
QUES_c55IH9PEdZ,미군철수
QUES_AylB4Xr2Xc,
QUES_Oljhh9Mlk8,출산장려금 정책
QUES_IbvCZ2pohb,충남북
QUES_20WfwyXG13,영업비밀
QUES_lSnsD4y7nE,국가R & D사업 표준성과지표
QUES_sY0r4lBztg,R & D정액기술료
QUES_zjySJo9V15,한국교육개발원 소속 연구자
QUES_AFlF4bP0YF,72
QUES_xnIQVIObuv,10개교
QUES_BPz6SERi3e,3개소
QUES_crPyHt7suW,63. 1 %
QUES_kElrFvsOic,훈련기관
QUES_YP5PZUr74y,미국
QUES_zxeptEFHq8,지니계수
QUES_b95da4UFaL,에너지복지
QUES_tvENG5Tw8O,전영숙과 김창엽
QUES_6A6GJzjQUU,1991년 9월 17
QUES_m6BvMABrsK,서로 다른 비교집단 셋
QUES_ZY5v2Z3ESc,경제상황
QUES_NtmFzxjb69,정보 보안 문제
QUES_NivBfu4n5X,한국과학기술정보연구원
QUES_sk8cI94kQk,직무 단위
QUES_3wNj2EdOLO,특허정보원의 특허정보
QUES_ZwRAqK2qEI,중소기업 연구소
QUES_DsO0VATuMR,1996년의 코스닥시장의 창설과 1997년
QUES_UeqpH5ROJH,29 %
QUES_UhEeaxkuNG,교통부
QUES_naIiwTCr2S,2010년
QUES_1aZkELKgPD,1. 1 %
QUES_RwOXt4rcra,해외자원봉사 활동
QUES_zDsQKBwFws,청소년 나눔활동
QUES_ANKliDXWnG,일본
QUES_mNZPQOWRHH,영국
QUES_xdQekn8bpq,국가교통DB
QUES_8fi6kcMq4C,마력
QUES_GLeyWoeTTd,Pacific Power
QUES_kVSNX9VGs9,캘리포니아 주
QUES_9nmz8o0LaA,검사
QUES_jXmuD4BN9y,제81조
QUES_4BeU1duBgf,국세징수법
QUES_lgWLfdwggV,14. 2 %
QUES_NB5mRHyndC,1989
QUES_cdXMu5VOjQ,북한
QUES_LNBR7eekgv,3개
QUES_k0NWEnhlpt,NCS
QUES_Dk3Z2A9R0i,기술개발정책에 반영할 수 있는 단계적 접근 방법은 향후 많은 자료의 확보와 충분한 시행착오 및 논의 과정을 거치게 되면 통상 · 산업
QUES_Tmwerc5NAZ,교사
QUES_111sqCQCTG,지자체
QUES_52rEBmogX0,합리적인 비용 - 편익 분석
QUES_Twkyeu8PSI,자녀
QUES_mvLD2633la,창업 환경
QUES_vNwXdTU3WK,문화매개자
QUES_lxEc2tmhUp,
QUES_fkMCPN7syT,문화매개
QUES_vo6Ws8IuO7,성인
QUES_YejGyBPwc6,"시간특성을 투입한 Model III의 회귀모형 적합도 ( F ) 는 33. 804로 통계적으로 유의하게 나타났으며 ( p <. 001 ), 성별, 직업2 ( 생산직 ), 근속기간, 고용안정, 표준근로, 여가시간만족, 휴가"
QUES_1LmdgjFx0S,"빅데이터 분석을 통해 수많은 바둑기보를 분석하고, 딥러닝"
QUES_EhmQ3wQCqP,삼차예방
QUES_PigIrSVdgA,인간대신 로봇
QUES_9dvnBpsI25,53세
QUES_TSMf9yC1oc,네덜란드 헤이그
QUES_vJRcnQ152r,2008년 12월 18
QUES_UaQsAqHZue,시각화
QUES_NppUezMBSN,과제 집착력
QUES_I7mVjUO3yN,탈러와 선스테인
QUES_C89KPoHC5A,자기결정성이론
QUES_Wd3bXa8b4b,소염진통
QUES_0zLbs4Z86f,4학년
QUES_PjpfiGfLa5,학생
QUES_awLlYnpOME,18점
QUES_fl5k6hDE7X,화천군
QUES_lPhs3xiF5B,스티글리치 보고서
QUES_VyT1ixknnD,마드리드 의정서
QUES_dzxOOR2FRn,검찰청
QUES_W7DHfjD67C,수용자
QUES_wZb0HXpueV,교수
QUES_5uEyJtwsW4,
QUES_YpTmHjeHHv,
QUES_u3ZJMf2CDR,"Belton ( 1992 ) 은 미국 영화산업에 대한 기술사적 분석을 통해 무성영화 시절부터 산업 내 가격 경쟁 또는 자원 기반의 경쟁이 존재했음을 서술한 바 있으며, Miller, Govil, McMurria, & Maxwell ( 2001 ) 나 Cowen"
QUES_GI3kcSsceJ,보수적 성향
QUES_qlveyQIV90,이민
QUES_FHWOSJr85n,3개월
QUES_QNeglx1672,국토교통부
QUES_L7WYUO0EtQ,
QUES_WtmPEIHnW0,0. 62
QUES_yhLUm2RAn8,보건복지부
QUES_GjpgIMHDnB,제16조
QUES_PZL9Tp5nSW,38명
QUES_cZRl1RM5pK,미국 RAND연구소
QUES_0F2QBOrc0S,경제적인 측면
QUES_XJfpIBM5Z2,현재부터 통일이 가시화되는 시점
QUES_tSJM9XmjnM,10데니어
QUES_Rn0Nb4N5P9,명세서만
QUES_3mwSyRPi7M,일면
QUES_4UDZ0l7v1X,엠보싱
QUES_RwuamLPXxF,2개
QUES_8YAouXu0D8,북부 산간내륙지방
QUES_DOcJHyZB90,국외지배주주
QUES_Mw7wazBHtw,조세조약
QUES_knENG7KRdN,법인세 및 지방소득
QUES_ciNEb62pyU,39개
QUES_1RWelnKiur,"3. 4억원, 서울은 4. 3억원"
QUES_KaxSVGwvQp,51. 2 %
QUES_rQDETaidoA,9개
QUES_qbKNOtj5gB,김정은
QUES_R5j8j0fq3s,2014년 7월
QUES_9kBPJZ36sA,4억
QUES_w00DYduMhE,
QUES_xI2bkFlfQR,노무현 정부
QUES_B9Lga7V1tP,사후적 부패통제
QUES_TjoJ6Q7Uxe,
QUES_XIrGT6PA60,Laidra와 Pullmann 그리고 Allik
QUES_11RKnuMbxf,15
QUES_9k2MjFBiUM,발고 시기
QUES_MQtBgva8XG,2000
QUES_AZe3S0wpCK,네트워크
QUES_Oirs9MVmpB,개인 콘텐츠
QUES_ps1fAER2VX,"석탄, 전력, 가스"
QUES_MF8qlYZg1T,등가교환 방식의 합의
QUES_Nsl7B3lJVO,프랑스
QUES_jqhSmKRD1f,문체부
QUES_NhCEh72bC8,아동청소년기
QUES_3wPjsoIMVJ,1872년
QUES_vDlqxEJ42h,경영조직법 제99조
QUES_66I83CRUXd,개인정보자기결정권
QUES_AvnHHdPTwD,강은나
QUES_yxi6HsBIlz,이탈리아
QUES_MG1LZ3pl1i,인구센서스
QUES_5bl4pM5bDj,서비스디자인 산업은 아직 걸음마 단계에 있을 뿐 아니라 그 인식조차 매우 낮은 실정이다. 따라서 서비스디자인 도입
QUES_zBUbsKuJSm,3학년 2학
QUES_uso2Z97ifj,90년대
QUES_n6R9Q9dkK1,읽기
QUES_0D278UQ2B6,진리
QUES_KPev2eBaCx,과학적 대학
QUES_YNCQNj738z,일반교양교육
QUES_U6rzWHL9ot,메디케어 급여 서비스
QUES_3VLwwOa6Ep,스트레스
QUES_S7DbKYXyj7,뇌
QUES_y7q1iAwySZ,기술변화
QUES_FRq1Ckt3AC,두 가지
QUES_wJrEkcmsX4,확률변경분석과 맘퀴스트 생산성 지수
QUES_nPDD7Np2zz,2013년 12월 30
QUES_OU0AIrVMAA,적절한 실행체계
QUES_4cmqQOJBiU,일본기업
QUES_76DDt5upNG,남북 교통로 연계망 구축사업
QUES_vljBjpb9DU,IOC
QUES_XyyRc20YY6,여행
QUES_tWgynAKCFJ,위법수
QUES_95NAifs40H,지방자치단체
QUES_uKHwgKnL4k,제11조
QUES_vaLz4LOqle,
QUES_EyDrZKNOrZ,24
QUES_35fNwmLyGy,국가경찰
QUES_p1nRqiYwH4,자치경찰 시범운영 지역선정
QUES_DPluVSYLXl,4
QUES_4wdn7EDbPx,남한가요
QUES_3zHUxDZj8p,일본
QUES_Kc4AviVkB5,중국
QUES_JEcsM5R9K8,트럼프 대통령
QUES_NkOveUupSc,청년
QUES_iwQPkfJH04,G20 노동고용장관회의
QUES_LhxdQbLCVW,390만원
QUES_42P3hk5puG,세이브더칠드런
QUES_TfkPlSVzeb,또래
QUES_Vq6t5rHOuM,호주
QUES_EKAnIA9MRk,중간생략등기
QUES_iQEyCzcxQW,청소년기 전반
QUES_HVBiL5J0Ps,100
QUES_oArKrVTXVr,선도형 자유무역지역
QUES_t7IGS1TRAl,2010
QUES_tfX8Tidk6r,독립적 범죄
QUES_l5hHjyZATt,안창호
QUES_hI0LvnEsr1,지역산업 활성화
QUES_WFBu2TsxSm,연성적 잠재역량
QUES_dEgcb6Mgeh,정보 손실
QUES_fre11tEbOI,통계기관
QUES_w8BPUELQMK,고탄소
QUES_44Rv7skLDW,노인 학대
QUES_xG122lVQgk,학대
QUES_GgWtEZHrks,스마트그리드
QUES_yA5zSLy4dc,
QUES_Z8GVaSo8eC,가족경계
QUES_kHgRI4TMqS,재혼가족 관계향상 프로그램
QUES_hDYBfLSRK0,특허침해 판단단계
QUES_ywwzaPwGBy,항저우
QUES_t1Tltmt9Gt,이니셔티브
QUES_XxbcGQ8t2J,항저우 정상회의 프로세스
QUES_ZYGCCIweBv,"장관선언문 최종 드래프팅을 마무리하고, 장관선언문 이행을 위한 부속서1"
QUES_jbpwKzAtb1,사전소득은닉행위
QUES_blLPCAep6G,부과권 행사
QUES_I6P2VPMas9,통합적 성과창출 시스템
QUES_XJzL5ZAnuI,시 · 도 지방자체단체장이 자유학기제에 따른 학교 밖 체험활동을 지원하기 위해서는 ‘ 조례 ’ 가 필요하다. 이를 위해 각 시 · 도 지방자방자치단체
QUES_GUMlwZ5PwJ,자유학기제
QUES_v6GpBaxRc2,문명의 기기
QUES_J1apzUVS0F,1945년
QUES_Hzh2hPtoSl,수출기업
QUES_pSpGioSswn,임금체계
QUES_447QXw4hhE,DSG
QUES_29zTstEkbV,양적 성장
QUES_seCaPIaqcc,항공 교통수단
QUES_8R7Nlzqwhq,외래관광객 실태조사 보고서
QUES_Fp7GMbcfWo,4. 1부동산대책
QUES_79Mlz7KMAI,1990
QUES_DOIzc7vFId,
QUES_d0QBjaZEiG,영장주의원칙
QUES_K3Dk6UBIFz,패킷의 헤더 부분은 전송되는 데이터의 편지 봉투라고 볼 수도 있는데 이는 패킷 헤더에 패킷
QUES_BF1TYCkvb6,형사소추와 형사재판
QUES_UwW9OhmKse,아시아 ~ 유럽 ’ 시장
QUES_ayuoqhVlPY,영아기부
QUES_6Ojb0Ng03i,보육
QUES_h4sl0ZBy4a,"보육교사 주도식 대집단 활동일 경우가 많으며, 영유아의 현재 발달적 수준을 파악하고 있지 못하는 외부 교사"
QUES_Xd40KCxkn9,
QUES_H1qVcUcgXL,문예회관
QUES_FNPXXz6M3c,주요 의사결정 단계의 문서
QUES_KkI6FjJ4EJ,공사의 도급계약
QUES_k3yz6p6s3l,공천
QUES_7gU6tAkrRm,30
QUES_ecwcjofOyC,8년
QUES_oriMBCiGAK,500만원
QUES_9WI5wHBNk7,중학교육과정
QUES_RA0XaDdk1a,서울
QUES_rO5KgK8Cpr,사회 연결망 분석
QUES_miYjOJ1cTO,"유로 - 6가 적용되면서 자동차 산업을 비롯해 환경 등 다양한 변화가 나타났다. 첫째, 디젤엔진 차량으로서의 대기오염에 미치는 악영향의 감소이다. 디젤자동차의 단점으로 지적된 질소산화물"
QUES_pkT8JjvKNn,범죄피해
QUES_u2i0Llj1ax,24
QUES_OcdWnbpqcI,크라우드 워커
QUES_Kgozjc4pEL,대인관계 유능성
QUES_8JSOb9yCks,갈등
QUES_gbL9BPuAGi,고용안정사업
QUES_PY9pULGVdI,중소기업
QUES_OE4NKTJkl4,제2차 세계대
QUES_NEN78lqjCb,수사와 기소
QUES_OHLsEY7mvM,산림
QUES_3CuB7SO7wR,
QUES_ARcBxY1agn,노인 인권세계연맹
QUES_7G6ALijp2m,2011년
QUES_wklXjbxEG5,내수 의존
QUES_Uq5DDCsejf,CES - D11
QUES_gz8zMgj3Rr,8. 7명
QUES_b9Zktu3aoZ,보건복지부
QUES_6lIX1VpuK2,독일
QUES_VmKs1BC8Ob,성범죄 피해자
QUES_e08mZBUieZ,변호인
QUES_u9N4G8HvRA,수용적 부모양육태도
QUES_hjq5xxf0na,100m
QUES_Ry134qu0nP,35분 33초
QUES_w7bmruUm6t,브롱코스트의 정의
QUES_QLZ6PuBpmI,이동성 조류
QUES_Ged3v8iT5u,국립해양조사원
QUES_UCvqHJLFAK,구축과정
QUES_nDyOB3erh6,관광 전망자료
QUES_tgRwfgkucW,
QUES_V9av8Ezhyh,기본계획 작업단
QUES_z7hmU7hx1m,교육인적자원부
QUES_YRZodnmjmQ,2001년부터 2007년
QUES_h6oGLOYulS,재정부실화
QUES_qLouzbbE0Y,phonics
QUES_cbShqxbG4l,"2, 000시간"
QUES_lP4AIs9Go1,119
QUES_0gdthKyGBP,선진
QUES_fVyfwaDwVj,
QUES_feyEDFfNoD,손아래형제
QUES_oEizIQ2NwR,2개
QUES_vYTvKNwPgh,82. 2억 위안
QUES_nYkY6idOjB,50 %
QUES_G5BoitNrKm,보건복지부장관
QUES_Gfb0wXYIhO,보건복지부장관
QUES_e4md0dUO2e,미래창조과학부
QUES_w4YLJo2BVD,국토교통부장관
QUES_oV4dTm1iuK,일반긴장이론
QUES_pAW6jUrszR,국제형사재판소
QUES_feVgEZYQlb,정부3. 0추진기반
QUES_DL5Oh4641a,청년
QUES_kEKunTjlmd,중소기업청
QUES_dJSCAJiyOl,박근혜 정부
QUES_IOeDMrl3r6,지역 현장 중심
QUES_KXi858S4X0,문체부
QUES_teh2yc2SCC,이명박 정부
QUES_muykikusTj,사내하청 직원
QUES_ihrD2KH6QK,병과체계 및 특기제도
QUES_Bg9Y1LkQkG,학교
QUES_1bn7VB39V5,해당 관리감독기관의 장에게 통보하여야 한다 ( 어린이놀이시설 안전관리법 제22조 제1항 ). 유치원의 경우 해당 교육청의
QUES_b037EUQncK,관련 변수
QUES_hjUBTqurTJ,근린시설
QUES_eTOx7Xt4TD,BMI
QUES_chW0MPfEuw,69. 5 %
QUES_g7ZxQjBVfi,2년
QUES_2KpBcI4Voi,노동시장의 이중구조화
QUES_oxBZ4RipRn,
QUES_F7AFQgifPk,중국
QUES_gkuB5H87l4,"시진핑 이전 시기는 북한과의 정치, 군사적 우호협력 체제를 훼손하지 않는 선에서 한국과의 신중한 접촉이 이루어 졌다. 반면 시진핑 시기부터는 한국에 대한 보다 적극적인 교류가 이루어졌다. 다시 말해서 장쩌민, 후진타오 시기에는 한반도에 대한 균형적인 관여정책이 추진되었다면,"
QUES_tSOvU1GZlQ,괴리감
QUES_xZkTdOHxxt,대한민국 제헌국회
QUES_Lk2ZSxKwga,Wing
QUES_PdA6H9O4Ru,증거물
QUES_qn3TkyKB0h,레지스트리
QUES_2hCN4cueRf,압수 · 수색 · 검증 영장
QUES_gmKk50CR2d,남북교류협력에 관한 법률
QUES_PTyz5P8NSc,조대엽
QUES_0N9Bmn30wO,국민건강보험공단
QUES_xCF3MKYkIi,통합진보당
QUES_WfO63qxr6v,
QUES_SmA8NeJWBd,환자
QUES_3RHKqrMf3r,일본
QUES_xkiSJgX6Mu,옥상
QUES_hm8k1bZUC2,싱크대
QUES_TDch2lQCra,결혼이주여성
QUES_pQtS26zJpV,헌팅턴
QUES_AH8fZnLjjK,저성장 시대
QUES_XKYKOFXM4K,1980년대
QUES_VnDl1M8FGg,"다문화청소년의 범주에 포함시킬 수 있다. 본 연구에서도 유엔아동권리협약에 근거하여, 다문화가족지원법에서 근거한 다문화가족의 범주에 속하지 않더라도 이주의 배경을 지닌 청소년들을 ‘ 다문화청소년"
QUES_td8ANKJ6Ut,2016년 9
QUES_UnRcTt3NGs,90 %
QUES_DZy626vgye,12. 5억원
QUES_mOU4upfb90,경기 지역
QUES_24eMPEQqGF,44 %
QUES_hDPikRjsMy,요금폭탄
QUES_nFonOMW1YH,"1990년대 중반 이후, 영국, 오스트리아, 네덜란드에서 유전자정보데이터베이스가 구축되었다. 독일에서는 1998년 4월 17"
QUES_nroeiz2iv5,미국 경기 회복세
QUES_ZoXIQysRZ3,흡연
QUES_viwXjp3ftc,빠이바꼬띠 종일제
QUES_Nb41inzT0b,핀란드
QUES_ljM6Ps94QB,1995년
QUES_ryB2Q72LHQ,제2차 관광진흥5개년계획
QUES_CvfUa3KbJF,지원시설공급률
QUES_p6nYQ8px64,지역사회 육아지원 기능 활성화
QUES_ElgTxqg8K7,2012년
QUES_skGQpjPpPG,노동조합의 수요
QUES_qqudsb1CBl,증권예탁결제제도
QUES_LrXFG9iHZL,"이성근, 이성인"
QUES_G06N89VS51,86 %
QUES_IslgIIQgcR,성
QUES_L2wg2f4T08,노인
QUES_ukt8GUNkBn,쿵판빈
QUES_cSs0PnZbde,맞춤형 확장억제 전략
QUES_1T3H3i5az2,녹색기술센터
QUES_PIAeaNi80m,세종시 5 - 1 생활권
QUES_c6oebNT7iR,하버드
QUES_xqYbp1oozs,백의현 프로젝터 리더
QUES_uJdKQFJQe3,
QUES_OrG99gnce8,청소년
QUES_aIi9GCqQqP,정보화시대
QUES_OBessTSgQD,네트워크 체계
QUES_AkstWekQoU,서비스 부문
QUES_5BGa4HpzTl,
QUES_yb46uyIJzc,기업가정신 보고서
QUES_mVNXos9RFb,유연성
QUES_iWRdJA76dC,2005
QUES_05MYAQEYlI,타협적 방향
QUES_gMb9XhtWpA,오리엔테이션
QUES_KAaB8ReLXC,생산적 직업 활동
QUES_2UoSeci7iL,공식적 사회활동
QUES_W1NQryIAZ0,가족
QUES_wZS80RNy1X,Canto
QUES_rDhXcQpEdX,"점자판, 점필 등을 사용하여 점자 쓰는 방법을 가르치고 일상생활에 적응할 수 있도록 현장적응감각훈련을 계획하고 지도한다. 청각장애인 담당 교사는 농아 및 청각장애학생에게 보청기 또는 기타 전기ㆍ전자 증폭장치를 사용하여 대화기술"
QUES_xqcsll8sOo,칸가에루 카페
QUES_2zTPijeI8t,연방정부
QUES_NYvGO4ESld,스웨덴
QUES_t7GGzrJxRR,아동청소년이용음란물
QUES_u6RaPtIxEp,1990년대 초반
QUES_MU3SywVF4M,택배서비스
QUES_rXCWIeXByB,
QUES_5hxVGe40vg,일본
QUES_Ud3xDUFdJO,공화
QUES_pEi2U19VMT,
QUES_Ra29DvqfFa,1958
QUES_XtHl84yKBp,광역 또는 기초 지자체
QUES_EQ3CFonptS,인터넷조사
QUES_60wUnGaFFf,50 - 65자
QUES_9b2XjigZYI,
QUES_8ECEWKHayK,모집공고
QUES_RyvX63tSIj,가구소득
QUES_zlJx9yIsh3,진로교육을 편성하여 실시하고 있다. 진로교육
QUES_by34JK9gAQ,교실
QUES_mookCCAPD1,진로개발
QUES_PxY1aIz9ht,2015년 6월
QUES_F8rBwMT39O,베트남
QUES_M5AuVG4oEh,
QUES_5LFE3IYI16,잊혀진 학교교육 단계
QUES_h7ObwiTHQI,
QUES_SMCfZYqwRo,아시아 금융중심지
QUES_WU4UhQr0JN,마커원유
QUES_q0fiL2ErDA,지분참여
QUES_PDfGzoRess,서비스산업
QUES_2GelPaAGgO,"한반도는 중국, 러시아, 일본 사이에 위치해 있다. 한국"
QUES_ZGRgCSm8ZM,"사내하청 등 간접고용을 둘러싼 사례가 많은데, 이는 사내하청"
QUES_YjQlyW3QeD,"위기 극복, 경제 회복"
QUES_vrLT2NWYRV,미테랑
QUES_ltH7ZkcODZ,인문 분야
QUES_XEQdvSrSo7,스텔스 전투기
QUES_dhDnVBcayP,한국
QUES_u05oKl7JX4,보복공격능력
QUES_ajOYohWR1j,"Henderson and Cockburn ( 1996 ) 의 연구가 중요한 전환점이 되었는데, 앞서 살펴본 바대로 이들 연구의 결론은 조직 R & D 생산성에서 규모 및 범위의 경제, 기술의 속성, 기업의 특성이 중요한 영향을 미친다는 것이다. 그리고 기술의 복잡성과 다양성이 증가하게 되면 규모의 경제효과는 감소하거나 사라지고 범위의 경제효과가 한층 중요해지는 것으로 나타났다. 또한 이러한 범위의 경제효과를 극대화하기 위한 최적의 R & D 사업구조가 존재할 수 있음도 제시하였다. 특히 범위의 경제"
QUES_Y0L4H29HFz,치매상담센터
QUES_HqQ6t8PT1M,
QUES_rOhF1bNOuH,카메라 측정방식과 티켓
QUES_zPiL82knfK,정신보건센터
QUES_DdWg3QigXQ,2015년
QUES_FPQEmjgNzU,참여연대 사법감시센터는 “ 검찰의 독점적 권한을 개혁하는 근본적인 방안을 건드리지 않고는 전ㆍ현직 검사들의 부패비리를 근절할 수 없다 ” 는 기본 입장을 밝히고 나아가 “ 국회가 고위공직비리수사처
QUES_NUF3XBQ2jj,우리나라
QUES_cLrxfuMJIs,"LPG선 화재사고의 경우, 서로 다른 두 하도급업체에서 각자 작업"
QUES_OOWP8gL7bC,2000년대 초반
QUES_UllQwTg6qL,프랑크프르트 공항이 있는 프랑크프르트시
QUES_cdq6a4eRRI,1997
QUES_AoGvgEuSU1,금속노조
QUES_KaxIesES0C,노동조합
QUES_BEC6OqpyCE,집단목소리 ( collective voice ) 효과
QUES_9NiWrrv374,사용자
QUES_6LXhNsyN6w,모델링 과정의 오류
QUES_MdgPYet3x5,2019년 6월 19
QUES_NEL9Q4YZQt,일본정부
QUES_OggMSdKS2m,193개국
QUES_ujw20oeXO2,20세기
QUES_tf5PlMjGef,백마고지 전투
QUES_H4ohMi4RfT,서울시흥초등학교
QUES_7fTQcpjREt,0. 940점으로 세계 148개국 85위
QUES_7hgl1tEzIb,지역의 명망가들이나 부호
QUES_kmOON7qbcX,제도적 설계
QUES_QEs7qTEaP7,GUCI
QUES_hrgt1yDpby,이메일
QUES_xCCHaI5ZOO,디지털교과서
QUES_TU9V97HoUN,
QUES_xzvBTgrQOe,PCASP
QUES_g18uqsTSAa,벨기에
QUES_CSwrhT4bea,건축 · 건조환경위원회
QUES_RKhrhB4kb8,노인복지법
QUES_Nf8aibVGxv,10 % 아래
QUES_44oGAYNnzv,출산율 저하
QUES_4ojZ3T2LtZ,만30세
QUES_IzFzQP1krj,2008
QUES_ksd69wpSGE,Beck
QUES_wrpryoraVm,우울감 변수
QUES_TKR7w3ISh8,대학 조직
QUES_86KLsK0dGM,실업률
QUES_3SsX0vpydQ,고등교육
QUES_1xwmT39OMB,산업체
QUES_LxqTgW19Ww,영동군
QUES_aVObbihW1S,절접법
QUES_16VnFw5Usw,30 ~ 60c
QUES_Dqp36zLSKY,양묘방법
QUES_7DYAgixlM5,옻칠
QUES_LslQtYByeA,공직의 기강해이
QUES_jRr0j6wZ5Z,고용경제
QUES_D5eOxkzok7,통치이념의 변화
QUES_ZrUQ6qAAip,대상 구조물의 성능목표
QUES_pFMKiVuRCA,특사경과 일반사경
QUES_mkGX52DH7a,특사경
QUES_FveCMeU5ey,국민의 자유와 권리의 위축
QUES_7lbgX6yTME,지역생활정착지원센터
QUES_NaiIKeq30E,사회구성원
QUES_Nfbs7U5FNi,2001
QUES_z2qXLeEBia,한국
QUES_hsuw9hqvaL,KLIPS
QUES_EcWLpsbJla,NAEP
QUES_bgnjSFhtdk,경계의 모호성
QUES_L6RzTpqxwW,외교장관
QUES_51NtBrJlve,북한
QUES_ExS7F6CfOp,외교부
QUES_SUAxNmBilp,베드타운
QUES_MBxvC438BB,항공물류허브
QUES_vgtAkRgYdE,일본항공
QUES_KjZhTaJe2a,교사
QUES_hYFlKWFCfG,기관과 교사
QUES_iTcCMJT0mz,산업단지 근로자
QUES_GIaj7NXgtc,
QUES_I4pVKbFbxe,3년
QUES_MAqHbQuA7Q,CANWFZ 조약
QUES_7d5fiIcWc8,시진핑 정부
QUES_EHdQQPVs4t,정신건강
QUES_t2ZghW7gJa,목표 도달의
QUES_LxeWnFKYqX,85세
QUES_s1E2af7mlT,소규모 공동생활거
QUES_FEecMw0ERT,정확
QUES_ETrzxWijpc,경제활동인구조사
QUES_cohl4dW6rL,인공지능 알고리즘
QUES_4taLlgpqR9,
QUES_vPFUnH4DHv,138개
QUES_bFfFZ9lMUH,여론집중도조사위원회
QUES_B1iNrmdDO6,국민건강생활실천사업
QUES_RWdwmHRuD2,형법상 강간죄
QUES_08NbPwe2iL,민간부패
QUES_1fo8DsdgRH,아르헨티나
QUES_Pb6nJaOxUe,심리학자 반두라
QUES_xXff0WsPSU,교토의정서
QUES_dELHZPHbSZ,"성별영향분석평가의 추진은 여성가족부, 중앙행정기관, 지방자치단체, 성별영향분석평가센터"
QUES_EfA9Yd9XjA,여성가족부
QUES_pvGwfezXbF,자치경찰의 전속관할
QUES_obfBICT28x,10억원
QUES_tZ79QfptIB,소상공인 사업체
QUES_jaR9YrWrDi,보전요청
QUES_0zu29Rol83,심미적 경험
QUES_2jkDPSWodQ,"사전 지식의 중요성은 또한 학생 어휘에 연관된 연구에서 강조되었다. 실제로, 적절한"
QUES_A8OVrYbAtb,가족의사소통능력
QUES_Ky9fGqDegy,
QUES_TqE8IMzYSK,과도한 공격
QUES_AHzeejI6Qx,외국 투자자
QUES_M8Kw3WSrSD,Baltijos Parkingas
QUES_5QK3uX9HDH,신청국 이익의 침해
QUES_XKHW1166j4,경력관
QUES_mGKOKXGhBW,버지니아 주정부
QUES_Mcgp6cqsca,투자 우선순위
QUES_SdQaPXzmSX,원유 도입가와 석유 제품 가격 간의 관계
QUES_e184APoP8D,
QUES_jXLfMcwc28,교원 및
QUES_TWt6Fu3Vk4,교과목
QUES_8YEplyL914,LSA
QUES_EDHIKcYwhy,2019년 4월
QUES_yD5aBkpb0Q,CGE ( Computable General Equilibrium ) 모형
QUES_ygzTu4zfKi,FTA 추진
QUES_A57Tz0f0MR,성별영향분석평가
QUES_Q64gRUBc7K,"심리적 변인들이 제3자 효과에 영향을 미치리라 예측할 수 있고, 제3자 효과"
QUES_KKy7vBZgGi,재원 마련
QUES_m2VhirBqgK,생명권
QUES_um5Yi6FU07,종신형
QUES_BNroo0U3gz,헌법규정
QUES_UTlf2EaSBY,청탁방지담당관
QUES_L0mCBA76FD,기후변화와 환경오염
QUES_hNiNHSLlvD,새로운 공공외교 자산
QUES_9hVjHv1I8s,박근혜 정부
QUES_YMdRKERynL,소통
QUES_3jxmKxmGxP,종이책 일변도에서 전자책
QUES_Z1fzIF0hf3,콘텐츠 문제
QUES_HpxkFyQR6w,ONRC
QUES_EmTVEQj5XL,"106억 9, 890만원"
QUES_69o6WWCVqd,자신의 근간
QUES_iZn9qRBmUW,이스라엘
QUES_BMrlHJjEus,16명
QUES_CjFKzluZik,융합
QUES_rW6o1XIPS8,
QUES_0B1C7MjdtW,위해
QUES_ScM2UCO0gI,
QUES_WleqoaQrDb,불감항
QUES_ziBpiVowUt,직업교육훈련
QUES_LuHQREz6tI,SC
QUES_LG5oSBblBS,워터쇼케이스
QUES_1JtKE58EOi,2000년
QUES_Wt7y6lyMcp,규제
QUES_EGl86Yybmf,영국
QUES_9ADj7bv2tM,2011년 6월
QUES_lj2qe22gZE,한국기상산업진흥원
QUES_FZA7x0qqoj,일괄구매 경쟁입찰계약방식
QUES_BxGNfuy2YV,Euro Creativity Index는 3Ts
QUES_2RUbscvjEt,평가 가능
QUES_i5152BzoA1,Input - Process
QUES_ulnOemEYcm,학생 성희롱
QUES_sawxNYYjW0,"R & D 예산은 9, 429억 원"
QUES_yRbU5zuhms,60 %
QUES_WtHcnyfL4h,일본
QUES_JwITYCbW71,글로벌 수요침체
QUES_g6IT4oWGdb,82 %
QUES_5KN4PYBfZX,베이비루프
QUES_2umdjQJP2y,그녀
QUES_1UqwZnSuWl,후기 청소년
QUES_g1e8ssBfd2,중기교통시설투자계획
QUES_Vni6pnu1yz,피터 드러커
QUES_cSa1mjYdn9,독일
QUES_0OO7nYEWlG,미국
QUES_tctbkjvRDU,통신비밀보호법
QUES_oiHl1Rd2by,기관
QUES_vtRCm4C4xj,환경평가제도
QUES_66xUrSPTdJ,2016
QUES_9KANIM9y7y,2008
QUES_knlmoQuJkd,군
QUES_YlZee7wl4m,지방자치제도가 본격적으로 실시된 이래 지방 문화정책에서 종교문화자원의 활용과 정책적 지원이 새로운 과제로 대두되고 있다. 본 연구는 대규모 종교행사를 지방자치단체에서 어떻게 지원할 것인가에 대한 쟁점을 정리하고 정책방향을 모색하는 데 연구의 목적이 있다. 종교자원개발 및 종교지원에 대한 정부와 지방자치단체의 선행 논의들을 바탕으로 대규모 종교행사 지원에 대한 쟁점을 도출했다. 종교문화자원 개발 및 종교행사를 중심으로 정책적 논의가 진행되고 있는 전라북도
QUES_xRZhoY4m1D,정보통신
QUES_29aQmPdlHS,이형구 작가
QUES_kDaXw6zi0c,S대표는 15년 전에 한국에 입국한 뒤 2015년 말 한국 국적을 취득했다. < 고려인 마을
QUES_rqugCY78mI,자유무역구 비즈니스 환경
QUES_n2zUwRlAt7,문자안내서비스
QUES_75e3jha0XP,각종 부품의 조정불
QUES_U8baADMkRT,풍력발전
QUES_qP9aRvHbKj,지역행복생활권
QUES_cLiULRQC75,2030년
QUES_SAPpLUiy6C,경기도 판교신도시
QUES_8L0WbUjZMg,2015년
QUES_SLuE22c38i,10명 중 1명
QUES_MK3IohQCVv,미국
QUES_cD6zkz5R4B,2013년
QUES_jpLITztGnr,명상숲 조성사업
QUES_L1WtfSWKIj,광주광역시
QUES_Q89khkprBF,25
QUES_CI7KkzEeJb,대항제도
QUES_rDLFWyFnbE,10
QUES_611tWqWWQg,2011년 1월
QUES_1QNpuOJFfT,그린링크
QUES_tS7sCNSGgL,드론클리너
QUES_K9xE5UN2wo,2012년 2
QUES_SYi3NZBddi,회복적 사법 이념
QUES_OY9NayIBkf,방송통신위원회
QUES_tkKIWvFQ3Y,미래부 소속 기구
QUES_8mWngL0R6S,앵거스 디튼
QUES_dhP9Jhqbef,인권감수성
QUES_0Y2hQxbNt4,국가과학기술지식정보서비스
QUES_pNHqBlEJ0L,당뇨병 사망률
QUES_Cu7Rd9285f,세
QUES_SlLato6z7W,성희롱
QUES_LgzkDkBkp6,오류
QUES_NhhAqs0pyN,수사기관
QUES_3Hn4BTTo1D,2010
QUES_1F642fhSaX,투더와 피어슨
QUES_l5JNiFplDa,아위느타리버섯
QUES_yeaPJESgR6,현장관리자의 리더십
QUES_SK7q7BUrSk,변혁적 리더십
QUES_tiVapd30dc,미국
QUES_z3umi4rcqr,300억달
QUES_Moc7Pbfu6l,
QUES_Zmmr9QRKuI,3 %
QUES_ZpvnPhtspj,제6조
QUES_c0XMthMZHQ,김정
QUES_IL2JSfJZci,"원료물질인 저어콘으로 이루어져 있으며, 약간의 불순물"
QUES_JgIxsjJw1j,폐저어콘
QUES_YeFMBZcVXT,해양수산 전국포럼
QUES_WOHByRCGvn,교육부
QUES_LZbfw3FcwX,만족
QUES_O1ouRbIRt3,안정성 등의 일자리 만족
QUES_9Fyp3gMdBH,주택담보대출 시장
QUES_53i8oD5W65,4
QUES_hVacfS4Oyx,사업주
QUES_jXIPwVkjCH,중견국 연합
QUES_jNCKdCcepf,MIKTA
QUES_mfhkr1PUPS,과학기술법제 시스템화
QUES_GArV79HAqi,미국
QUES_18NRzdyq7d,발달 초기
QUES_OrZS06Rt7t,민화
QUES_ShOAR9burP,문화재지킴이 협약기업인 라이엇 게임즈
QUES_ClTyMuVN3l,미륵보살
QUES_yHrWOCM14H,정치적 선동
QUES_yNViATJ0SZ,인지발달이론학자인 Piaget
QUES_RamfTAbhJN,"손학기, 박기호"
QUES_z7lmEchodi,두 단계
QUES_WtkCDfrHpi,택일적 고의
QUES_zKIFr8hSxw,자살사망률
QUES_ml2ODGh1oq,1981년
QUES_2dBpwkBp7s,
QUES_7lSable6dj,브라질
QUES_gYgUWIZsw8,독일제국의회
QUES_rCkdbW8u3X,"한류는 한국의 대중문화를 세계에 알리는 데 크게 기여한 바 있으며, 최근에는 유투브 등 파일 공유 사이트와 페이스북 등 SNS, 그리고 각 기획사와 연예인들의 인터넷 팬 포럼과 팬 카페 등을 통해 한류의 확산 범위와 속도가 더욱 확대되고 있다. 동시에 기존 공공기관과 해외 한국문화원 등을 이용한 문화적 교류 확대도 더욱 수요가 증가하고 있는 실정이어서 이들에 대한 정책적 관심도 매우 절실한 시점이라고 할 수 있다. 초기의 한류가 단순히 한국의 대중문화 상품을 해외 시장에서 더 많이 판매해 경제적 효과를 누리기 위해 시작되었다면, 이제는 한류"
QUES_rdaXkHUEpr,인터넷
QUES_O59NKUuCZB,400명
QUES_4T1qwywAvM,R & D 투자 계획
QUES_8y2gWlUMTK,파트너십
QUES_p244enWtqQ,
QUES_NLiCeo8EXI,일자리창출과 지역 경제
QUES_ivHsYYAvIy,신산업 특화 사업
QUES_3iN5nKD4x2,대구고용센터
QUES_WOUjjEvkDP,카를 되니츠
QUES_fo7Eiodkei,구창모
QUES_TW0HGqYhB5,Heatnot - burn
QUES_g1oL2y2mgl,파산제
QUES_xMefDhgIi8,국회예산정책처
QUES_NWW7DU9RR7,노무현 정권
QUES_ZOXmO0QoF5,Golden
QUES_F0MoBmM2UA,U - City 도시안전 다중 비상벨
QUES_qu6zLOSRgv,CCTV
QUES_iQC4XwGNlL,다매체 비상상황 안내 시스템
QUES_vAx3fQgJLS,포스코
QUES_YumBTTeyPK,챗봇
QUES_bCqgJCR7WB,Smart Tunnel
QUES_JwfGhmuF3s,강제수사의 전 분야에 미쳐야 한다. 구속전피의자의 구속영장 발부여
QUES_l0cPvDQ8we,제4조
QUES_KCBEbx09ls,전설
QUES_ZEY8QQe0Qv,Sampling Team
QUES_BhmiDDT3EE,이용자
QUES_AmgY7bNHHm,"15, 750엔"
QUES_jXQypdHROF,Salmonella species
QUES_bS8uPmqk51,비염증성 설사
QUES_pGXYPUqAtW,정구현
QUES_LnBZA6kQvn,담보나
QUES_1gTLAM8lcS,담보나
QUES_M2qfNqQdfe,12 %
QUES_nlqffRfAdZ,
QUES_wvP7evqcmV,연구윤리
QUES_NbQjCXWNRq,2011년 3
QUES_JcjDAdhFU4,공공기관
QUES_aii1AasIGO,대리인 문제
QUES_6JdbD0Fi1c,자체수
QUES_r3XKuOGI9q,더빙
QUES_OT7iEvFRVC,불확실
QUES_16vrNR20vc,눈
QUES_psxR5qtFsk,놀이터
QUES_ymhpztTaOA,한국인
QUES_04BptW5wPs,노동계약법
QUES_DfSwSzO4TH,민간기업
QUES_n2KZUweY50,EnePlan
QUES_bryc2lf5hX,338만원
QUES_V3buvPazvU,한시적 성격
QUES_QUd6W9q3Jp,자기결정권
QUES_pxiKIVY7Vz,개인의 자유
QUES_vWaL8qD2c7,제20조
QUES_QjQaCEYuAD,2009
QUES_TtwRfc29wY,노인성치매 임상연구센터
QUES_J7WZsGzx1L,외부 연구개발
QUES_p89adWmRu3,연구개발 프로세스
QUES_ZBiw5haECW,거래비용경제학
QUES_Tun1O3DieH,공정근로기준법
QUES_OZdcgPqdjp,공소시효
QUES_28fShRHk01,메디치 효과
QUES_G4S6Z0VTIg,김평길홍
QUES_M3aNGH0Hf6,
QUES_KzPIv7e97z,"민간부문을 중심으로 지난해 늘어난 수주물량이 착공되면서 전년동기 대비 105. 8 % 증가하였다. 용도별 증감률을 살펴보면, 주거용 ( 164 % ) 중에서도 특히 아파트"
QUES_84zFIb53PN,한국
QUES_eOyK2CeSCa,아리아 방식
QUES_k00ZGHb4hn,북한
QUES_ozwBGBmkwi,무료 보편적인 시청
QUES_WA6YxPhNxB,일 - 가정 양립제도
QUES_d34er6g3Fc,일본
QUES_zIClI82DNP,아베 정권
QUES_L2Ag37eR7n,일본
QUES_pwhLI7oyl1,공개처형
QUES_WEyeS2H4uP,3년
QUES_rjA5kf7WL2,1971년 1
QUES_PKhCzhMLAP,무역보험기금
QUES_GoMXqaLx1l,김홍
QUES_Tx126pM1bs,선사유물전시관
QUES_VBR4doUZ1o,인구의 고령화
QUES_am3IEL73IA,독거노인
QUES_IB9YT0jXGA,구조방정식 모형
QUES_syls4VY3Ar,국가 경쟁력 약화
QUES_XMglqFC4tg,국제관계의 중요
QUES_F410AK9BRc,서양
QUES_GN4NlTuztd,
QUES_jxzPS6kzz9,사드
QUES_achisGrgOn,네 가지 단계
QUES_UN8ijv17T2,가성적 회귀
QUES_jnvbZVxVUl,2차 이행연도
QUES_vboZiZVJWL,2440개
QUES_plgLUATYjs,한국공학인증원
QUES_zYjukydNCP,1990년
QUES_k4fiSy3w5C,기공
QUES_bQXATBpTQh,국립농업과학원
QUES_xfzi5bOoCo,70여
QUES_rZb2QjUr3j,기술지도
QUES_pRMWkRH6AV,공단
QUES_wrAAU4sRNg,
QUES_wsTmsh62Lf,그라함 앨리슨
QUES_IwtgyuDTaz,미국
QUES_GYGkxQIDr2,장쑤
QUES_z0R251ySw1,0. 024 ~ 0. 227 pg I - TEQ / L 수준
QUES_8pR526HD2h,"10억 명으로, 세계 60억 인구의 17 % 를 점하고 있다. 모건스탠리 ( 2008 ) 의 보고서에 따르면, 2050년경 세계 인구는 90억 명"
QUES_sIRlJUWCBP,모바일 플랫폼
QUES_Q0tB5hEHE1,박동진
QUES_6ASaHqVCru,비타민 A
QUES_r2jPbofltU,한국
QUES_YhYmRkWUEa,변호사
QUES_F3O3lto4Af,1972년
QUES_JdKoMOiMwU,인간관계
QUES_9UwaONS4xg,국민
QUES_ues89WHaSd,경제보복
QUES_IH73K4xzhY,국민
QUES_UclIHrPgRi,NQF
QUES_sBIwxLZg1x,소방대원
QUES_OZJQDZ7tPK,인센티브
QUES_q56IBXrmox,특허법
QUES_yqeEqwSLhW,
QUES_5oaAGuUmHL,자격기본법
QUES_8MuQSAu3Dg,원격진료
QUES_utuj7e3ypX,IoT 헬스
QUES_T7S983jrkZ,고졸취업
QUES_MchaThMnnC,기업의 이윤창출과 조직의 유지
QUES_O716ooQ5xi,규율
QUES_q36XJc9D19,111. 7백만 톤
QUES_pOs5MMMBpx,스웨덴
QUES_pMtmX2MTZk,2006년
QUES_V7mkE4jz8T,진로교육
QUES_GARxH4AS1J,
QUES_wI4ezyN7PA,기업경영은 과거에 비하여 단견주의가 지배적이다. 기업
QUES_aS8kD2qstl,자본시장법
QUES_Iv0or4igjk,중소기업
QUES_5tbOxuX6dd,형사소송법 제201조 제3항 “ 제1항의 청구를 받은 지방법원판사는 신속히 구속영장의 발부여부
QUES_viTrddf6SN,
QUES_brg3viPOqG,"감수설 ( Hinnahmetheorie ), 무관심설 ( [UNK] ), 진지설 ( Ernstnahmetheorie ) 등 다양한 학설이 주장되고 있다. 종래 우리 학계에서는 결과발생에 대한 인식 여부가 아니라 결과발생에 대한 의지적 태도 때문에 고의범과 과실범이 구별되는 것이라는 생각을 기초로 하여, 고의는 지적 요소뿐 아니라 의지적 요소도 당연히 포함하는 것이라는 학설이 다수의 입장이었다. 그러나, 고의의 의지적 요소로서 결과발생의 적극적 의욕까지 요구하는 것으로 보는 학설은 주장되고 있지 않으며, 결과발생을 인식하고 이를 감수 내지 인용하는 소극적 태도로 족하다는 학설이 주를 이루고 있다. 그러나 근래 고의와 과실의 구별기준의 명확화와 실제 소송절차에서 고의의 입증 방법의 문제와 관련하여 인식설 중 가능성설이 유력하게 주장되고 있다. 대법원 판례의 기본 입장은 인용설"
QUES_NAejdEj2yr,1980년대
QUES_xc7iG7AlWX,조기달성 운동기
QUES_Ykivrul9hE,공직경험
QUES_EaGOcDJGjl,자원봉사자
QUES_z7YinvAbpp,1990년대 중후반 기근
QUES_eB5p4uanUT,보정론
QUES_thDcD2dpMI,
QUES_YrODimMQbj,2019년 1분
QUES_7XeLT4rH9V,인도
QUES_HyKv18ul2O,ACR 앱
QUES_eCJx7Ej8e0,애널리틱스
QUES_GY19ODf5BH,2014
QUES_gAqJFY381c,감정이입
QUES_4IUwXTw2OS,인구이동에 따른 주택수요 감소량
QUES_Hxj2qMQ68R,아동 · 청소년
QUES_W0JZy3ZK67,활동보조서비스
QUES_CCkceIf1ti,발달장애인
QUES_EViEX34viz,이용비용
QUES_7DlxyCJ2Sz,1960
QUES_sgEdXPOv2M,김정은
QUES_3M99aUgI8z,베르누이 시행
QUES_BDxuSY6msQ,금번 계획
QUES_J1eomLwxcJ,중국
QUES_NiG5bjloIH,"2015∼2025년은 1단계로, 2025년"
QUES_5gOxEvr3s1,국가직무능력표준
QUES_WINbc0cO0C,전문가 인력풀
QUES_nwNtQD6VuF,승진심사위원회
QUES_cImEVDeEFk,승진심사위원회
QUES_MB4VZMQqgi,심사위원회
QUES_W9T55CXEK0,정보보호의 문제
QUES_uP9DJCIYnF,일 - 기반 학습 프로젝트
QUES_O5YBcPpU2S,성별
QUES_LQHA1crf2L,가정환경
QUES_fK9Zu0Osem,농진청
QUES_ELnOvZAf56,사회적경제조직
QUES_ugQjrnxCRO,지역주도형 청년일자리 사업
QUES_tm2L0XWUDM,경제적 어려움
QUES_b5ct0bLuIx,인공섬 건설을 가속화
QUES_mOTZxHmzXf,산업집중도
QUES_N1benQrrXB,피치료감호자
QUES_mdjXVaJC0j,퇴소자
QUES_FnRV6aCEZ7,1992년 8월 24
QUES_cA0BobBpeu,대체휴무
QUES_iGLCGr7mRY,보건사회연구소
QUES_2T7ZoRZ8gT,
QUES_goJP6og9BF,활동의 성과
QUES_i9QXO9hcpb,부모
QUES_GXLjNloQwl,평등
QUES_MBlrDzSIuG,사물인터넷에 대한 연구 및 이와 관련된 혁신 활동 진흥
QUES_5E6EcUf3Bs,복지시설
QUES_SOU0neARVm,한국저작권위원회와 방송통신심의위원회
QUES_QeSxEjGBsN,노동계약
QUES_UhZYDXuOHo,1540 위원회
QUES_wKKFKAfDWz,반기문 사무총장
QUES_tJnG3niLLF,기획재정부
QUES_kfmmPIIBSH,정승헌과 김금미
QUES_K6DsJuQwk5,부모
QUES_An5OFkDamT,클라우드
QUES_93ooQYRdzK,대만
QUES_OgxQzRngw1,
QUES_lWAmqzL9CR,Graves & Graves
QUES_hsmgqGYoAZ,
QUES_6SzaUUvz1X,
QUES_MucHFY3pCE,정부
QUES_JtsKBSQITG,상용직
QUES_IajaDLmxvq,재산소득
QUES_lR6hjzsptY,대체보육서비스 비용
QUES_ACwZJGYBfp,IBM Food Trust Labeyrie사
QUES_UB3Fj0NPIX,2009
